patcnty1,dsch_yr,Sex,Discharges,AnnotationCode,AnnotationDesc
Alameda,2012,Female,85132,,
Alameda,2012,Male,60305,,
Alameda,2012,"Other, Unknown, Invalid",10,,
Alameda,2013,Female,81215,,
Alameda,2013,Male,58528,,
Alameda,2013,"Other, Unknown, Invalid",17,,
Alameda,2014,Female,80014,,
Alameda,2014,Male,57564,,
Alameda,2014,"Other, Unknown, Invalid",6,,
Alameda,2015,Female,79832,,
Alameda,2015,Male,57102,,
Alameda,2015,"Other, Unknown, Invalid",18,,
Alameda,2016,Female,79399,,
Alameda,2016,Male,58171,,
Alameda,2016,"Other, Unknown, Invalid",16,,
Alameda,2017,Female,78068,,
Alameda,2017,Male,57277,,
Alameda,2017,"Unknown, Invalid",5,,
Alameda,2018,Female,75186,,
Alameda,2018,Male,56844,,
Alameda,2018,"Unknown, Invalid",19,,
Alameda,2019,Female,75235,,
Alameda,2019,Male,56561,,
Alameda,2019,"Unknown, Invalid",11,,
Alameda,2020,Female,67741,,
Alameda,2020,Male,51476,,
Alameda,2020,"Unknown, Invalid",15,,
Alameda,2021,Female,68418,,
Alameda,2021,Male,53010,,
Alameda,2021,"Unknown, Invalid",14,,
Alameda,2022,Female,69276,,
Alameda,2022,Male,53921,,
Alameda,2022,"Unknown, Invalid",11,,
Alameda,2023,Female,71348,,
Alameda,2023,Male,57666,,
Alameda,2023,"Unknown, Invalid",15,,
Alpine,2012,Female,19,,
Alpine,2012,Male,13,,
Alpine,2013,Female,12,,
Alpine,2013,Male,12,,
Alpine,2014,Female,,2,Cell suppressed for complementary cell
Alpine,2014,Male,,1,Cell suppressed for small numbers
Alpine,2015,Female,14,,
Alpine,2015,Male,15,,
Alpine,2016,Female,14,,
Alpine,2016,Male,14,,
Alpine,2017,Female,,2,Cell suppressed for complementary cell
Alpine,2017,Male,,1,Cell suppressed for small numbers
Alpine,2018,Female,41,,
Alpine,2018,Male,16,,
Alpine,2019,Female,,2,Cell suppressed for complementary cell
Alpine,2019,Male,,1,Cell suppressed for small numbers
Alpine,2020,Female,,1,Cell suppressed for small numbers
Alpine,2020,Male,,2,Cell suppressed for complementary cell
Alpine,2021,Female,22,,
Alpine,2021,Male,15,,
Alpine,2022,Female,11,,
Alpine,2022,Male,14,,
Alpine,2023,Female,,1,Cell suppressed for small numbers
Alpine,2023,Male,,2,Cell suppressed for complementary cell
Amador,2012,Female,2211,,
Amador,2012,Male,2178,,
Amador,2013,Female,2142,,
Amador,2013,Male,2014,,
Amador,2014,Female,2160,,
Amador,2014,Male,2057,,
Amador,2015,Female,2312,,
Amador,2015,Male,2222,,
Amador,2016,Female,2290,,
Amador,2016,Male,2263,,
Amador,2017,Female,2332,,
Amador,2017,Male,2237,,
Amador,2018,Female,2258,,
Amador,2018,Male,2302,,
Amador,2019,Female,2276,,
Amador,2019,Male,2250,,
Amador,2020,Female,2090,,
Amador,2020,Male,2003,,
Amador,2021,Female,2192,,
Amador,2021,Male,2017,,
Amador,2022,Female,2119,,
Amador,2022,Male,2030,,
Amador,2022,"Unknown, Invalid",1,,
Amador,2023,Female,2337,,
Amador,2023,Male,2177,,
Butte,2012,Female,18417,,
Butte,2012,Male,13959,,
Butte,2012,"Other, Unknown, Invalid",1,,
Butte,2013,Female,18348,,
Butte,2013,Male,14074,,
Butte,2014,Female,18332,,
Butte,2014,Male,14173,,
Butte,2015,Female,18705,,
Butte,2015,Male,14589,,
Butte,2015,"Other, Unknown, Invalid",1,,
Butte,2016,Female,18988,,
Butte,2016,Male,15293,,
Butte,2016,"Other, Unknown, Invalid",1,,
Butte,2017,Female,19234,,
Butte,2017,Male,15609,,
Butte,2018,Female,19745,,
Butte,2018,Male,15724,,
Butte,2019,Female,18327,,
Butte,2019,Male,14732,,
Butte,2020,Female,16555,,
Butte,2020,Male,13707,,
Butte,2021,Female,16636,,
Butte,2021,Male,14396,,
Butte,2021,"Unknown, Invalid",1,,
Butte,2022,Female,15478,,
Butte,2022,Male,13388,,
Butte,2022,"Unknown, Invalid",1,,
Butte,2023,Female,15724,,
Butte,2023,Male,13340,,
Calaveras,2012,Female,2624,,
Calaveras,2012,Male,2362,,
Calaveras,2013,Female,2484,,
Calaveras,2013,Male,2288,,
Calaveras,2013,"Other, Unknown, Invalid",1,,
Calaveras,2014,Female,2498,,
Calaveras,2014,Male,2099,,
Calaveras,2015,Female,2603,,
Calaveras,2015,Male,2191,,
Calaveras,2016,Female,2530,,
Calaveras,2016,Male,2144,,
Calaveras,2017,Female,2622,,
Calaveras,2017,Male,2289,,
Calaveras,2018,Female,2493,,
Calaveras,2018,Male,2305,,
Calaveras,2019,Female,2625,,
Calaveras,2019,Male,2391,,
Calaveras,2019,"Unknown, Invalid",1,,
Calaveras,2020,Female,2309,,
Calaveras,2020,Male,2143,,
Calaveras,2021,Female,2311,,
Calaveras,2021,Male,2132,,
Calaveras,2022,Female,2515,,
Calaveras,2022,Male,2008,,
Calaveras,2022,"Unknown, Invalid",2,,
Calaveras,2023,Female,2499,,
Calaveras,2023,Male,2383,,
Calaveras,2023,"Unknown, Invalid",1,,
Colusa,2012,Female,1422,,
Colusa,2012,Male,927,,
Colusa,2013,Female,1255,,
Colusa,2013,Male,954,,
Colusa,2014,Female,1276,,
Colusa,2014,Male,918,,
Colusa,2014,"Other, Unknown, Invalid",1,,
Colusa,2015,Female,1278,,
Colusa,2015,Male,882,,
Colusa,2016,Female,1232,,
Colusa,2016,Male,820,,
Colusa,2017,Female,1176,,
Colusa,2017,Male,855,,
Colusa,2018,Female,1291,,
Colusa,2018,Male,1076,,
Colusa,2019,Female,1317,,
Colusa,2019,Male,978,,
Colusa,2020,Female,1244,,
Colusa,2020,Male,928,,
Colusa,2021,Female,1292,,
Colusa,2021,Male,995,,
Colusa,2022,Female,1200,,
Colusa,2022,Male,907,,
Colusa,2022,"Unknown, Invalid",1,,
Colusa,2023,Female,1199,,
Colusa,2023,Male,1104,,
Colusa,2023,"Unknown, Invalid",1,,
Contra Costa,2012,Female,59791,,
Contra Costa,2012,Male,42740,,
Contra Costa,2012,"Other, Unknown, Invalid",2,,
Contra Costa,2013,Female,58153,,
Contra Costa,2013,Male,41755,,
Contra Costa,2013,"Other, Unknown, Invalid",2,,
Contra Costa,2014,Female,57350,,
Contra Costa,2014,Male,41257,,
Contra Costa,2014,"Other, Unknown, Invalid",4,,
Contra Costa,2015,Female,58935,,
Contra Costa,2015,Male,43306,,
Contra Costa,2015,"Other, Unknown, Invalid",6,,
Contra Costa,2016,Female,57143,,
Contra Costa,2016,Male,41589,,
Contra Costa,2016,"Other, Unknown, Invalid",15,,
Contra Costa,2017,Female,57226,,
Contra Costa,2017,Male,42452,,
Contra Costa,2017,"Unknown, Invalid",4,,
Contra Costa,2018,Female,55785,,
Contra Costa,2018,Male,42174,,
Contra Costa,2018,"Unknown, Invalid",5,,
Contra Costa,2019,Female,55233,,
Contra Costa,2019,Male,41651,,
Contra Costa,2019,"Unknown, Invalid",2,,
Contra Costa,2020,Female,50187,,
Contra Costa,2020,Male,38168,,
Contra Costa,2020,"Unknown, Invalid",2,,
Contra Costa,2021,Female,52876,,
Contra Costa,2021,Male,40251,,
Contra Costa,2021,"Unknown, Invalid",12,,
Contra Costa,2022,Female,52889,,
Contra Costa,2022,Male,40636,,
Contra Costa,2022,"Unknown, Invalid",18,,
Contra Costa,2023,Female,53669,,
Contra Costa,2023,Male,42108,,
Contra Costa,2023,"Unknown, Invalid",7,,
Del Norte,2012,Female,1426,,
Del Norte,2012,Male,1037,,
Del Norte,2013,Female,1377,,
Del Norte,2013,Male,1094,,
Del Norte,2014,Female,1380,,
Del Norte,2014,Male,1067,,
Del Norte,2015,Female,1278,,
Del Norte,2015,Male,965,,
Del Norte,2016,Female,1353,,
Del Norte,2016,Male,1041,,
Del Norte,2017,Female,1360,,
Del Norte,2017,Male,1096,,
Del Norte,2018,Female,1421,,
Del Norte,2018,Male,1102,,
Del Norte,2019,Female,1423,,
Del Norte,2019,Male,1169,,
Del Norte,2020,Female,1230,,
Del Norte,2020,Male,1088,,
Del Norte,2021,Female,1226,,
Del Norte,2021,Male,1059,,
Del Norte,2022,Female,1378,,
Del Norte,2022,Male,1144,,
Del Norte,2023,Female,1352,,
Del Norte,2023,Male,1252,,
El Dorado,2012,Female,9187,,
El Dorado,2012,Male,7198,,
El Dorado,2012,"Other, Unknown, Invalid",1,,
El Dorado,2013,Female,9267,,
El Dorado,2013,Male,7306,,
El Dorado,2013,"Other, Unknown, Invalid",3,,
El Dorado,2014,Female,9085,,
El Dorado,2014,Male,7188,,
El Dorado,2014,"Other, Unknown, Invalid",2,,
El Dorado,2015,Female,9081,,
El Dorado,2015,Male,7333,,
El Dorado,2015,"Other, Unknown, Invalid",1,,
El Dorado,2016,Female,9405,,
El Dorado,2016,Male,7839,,
El Dorado,2016,"Other, Unknown, Invalid",1,,
El Dorado,2017,Female,9454,,
El Dorado,2017,Male,7828,,
El Dorado,2018,Female,9669,,
El Dorado,2018,Male,7758,,
El Dorado,2019,Female,9353,,
El Dorado,2019,Male,7746,,
El Dorado,2020,Female,8317,,
El Dorado,2020,Male,7209,,
El Dorado,2020,"Unknown, Invalid",2,,
El Dorado,2021,Female,8464,,
El Dorado,2021,Male,7467,,
El Dorado,2021,"Unknown, Invalid",2,,
El Dorado,2022,Female,8405,,
El Dorado,2022,Male,7270,,
El Dorado,2022,"Unknown, Invalid",1,,
El Dorado,2023,Female,8270,,
El Dorado,2023,Male,7387,,
El Dorado,2023,"Unknown, Invalid",1,,
Fresno,2012,Female,62856,,
Fresno,2012,Male,42868,,
Fresno,2012,"Other, Unknown, Invalid",3,,
Fresno,2013,Female,62314,,
Fresno,2013,Male,42612,,
Fresno,2013,"Other, Unknown, Invalid",2,,
Fresno,2014,Female,61582,,
Fresno,2014,Male,42111,,
Fresno,2014,"Other, Unknown, Invalid",3,,
Fresno,2015,Female,61258,,
Fresno,2015,Male,43472,,
Fresno,2015,"Other, Unknown, Invalid",3,,
Fresno,2016,Female,61179,,
Fresno,2016,Male,44154,,
Fresno,2016,"Other, Unknown, Invalid",9,,
Fresno,2017,Female,60691,,
Fresno,2017,Male,43869,,
Fresno,2017,"Unknown, Invalid",2,,
Fresno,2018,Female,60284,,
Fresno,2018,Male,43616,,
Fresno,2018,"Unknown, Invalid",2,,
Fresno,2019,Female,58845,,
Fresno,2019,Male,43449,,
Fresno,2020,Female,54944,,
Fresno,2020,Male,41663,,
Fresno,2020,"Unknown, Invalid",5,,
Fresno,2021,Female,57862,,
Fresno,2021,Male,42905,,
Fresno,2021,"Unknown, Invalid",3,,
Fresno,2022,Female,59361,,
Fresno,2022,Male,43932,,
Fresno,2022,"Unknown, Invalid",3,,
Fresno,2023,Female,57641,,
Fresno,2023,Male,44963,,
Fresno,2023,"Unknown, Invalid",12,,
Glenn,2012,Female,1835,,
Glenn,2012,Male,1338,,
Glenn,2013,Female,1763,,
Glenn,2013,Male,1307,,
Glenn,2014,Female,1993,,
Glenn,2014,Male,1447,,
Glenn,2015,Female,1836,,
Glenn,2015,Male,1442,,
Glenn,2015,"Other, Unknown, Invalid",1,,
Glenn,2016,Female,1909,,
Glenn,2016,Male,1464,,
Glenn,2017,Female,1843,,
Glenn,2017,Male,1493,,
Glenn,2018,Female,2023,,
Glenn,2018,Male,1662,,
Glenn,2019,Female,2280,,
Glenn,2019,Male,1700,,
Glenn,2020,Female,1950,,
Glenn,2020,Male,1572,,
Glenn,2021,Female,1938,,
Glenn,2021,Male,1687,,
Glenn,2022,Female,1893,,
Glenn,2022,Male,1571,,
Glenn,2023,Female,1880,,
Glenn,2023,Male,1478,,
Humboldt,2012,Female,7381,,
Humboldt,2012,Male,5505,,
Humboldt,2012,"Other, Unknown, Invalid",2,,
Humboldt,2013,Female,7156,,
Humboldt,2013,Male,5585,,
Humboldt,2013,"Other, Unknown, Invalid",2,,
Humboldt,2014,Female,7332,,
Humboldt,2014,Male,5888,,
Humboldt,2014,"Other, Unknown, Invalid",1,,
Humboldt,2015,Female,7215,,
Humboldt,2015,Male,5860,,
Humboldt,2015,"Other, Unknown, Invalid",2,,
Humboldt,2016,Female,7485,,
Humboldt,2016,Male,6353,,
Humboldt,2016,"Other, Unknown, Invalid",3,,
Humboldt,2017,Female,7261,,
Humboldt,2017,Male,6074,,
Humboldt,2017,"Unknown, Invalid",1,,
Humboldt,2018,Female,7355,,
Humboldt,2018,Male,5984,,
Humboldt,2018,"Unknown, Invalid",3,,
Humboldt,2019,Female,7420,,
Humboldt,2019,Male,6051,,
Humboldt,2020,Female,6178,,
Humboldt,2020,Male,5338,,
Humboldt,2020,"Unknown, Invalid",2,,
Humboldt,2021,Female,6333,,
Humboldt,2021,Male,5316,,
Humboldt,2021,"Unknown, Invalid",1,,
Humboldt,2022,Female,6361,,
Humboldt,2022,Male,5432,,
Humboldt,2022,"Unknown, Invalid",1,,
Humboldt,2023,Female,6346,,
Humboldt,2023,Male,5365,,
Humboldt,2023,"Unknown, Invalid",2,,
Imperial,2012,Female,11006,,
Imperial,2012,Male,8467,,
Imperial,2013,Female,10344,,
Imperial,2013,Male,7907,,
Imperial,2013,"Other, Unknown, Invalid",3,,
Imperial,2014,Female,9805,,
Imperial,2014,Male,7317,,
Imperial,2015,Female,10142,,
Imperial,2015,Male,7537,,
Imperial,2016,Female,9998,,
Imperial,2016,Male,7616,,
Imperial,2017,Female,10006,,
Imperial,2017,Male,7830,,
Imperial,2018,Female,9666,,
Imperial,2018,Male,7919,,
Imperial,2019,Female,9430,,
Imperial,2019,Male,7668,,
Imperial,2019,"Unknown, Invalid",1,,
Imperial,2020,Female,8620,,
Imperial,2020,Male,7243,,
Imperial,2020,"Unknown, Invalid",1,,
Imperial,2021,Female,8426,,
Imperial,2021,Male,6708,,
Imperial,2022,Female,8496,,
Imperial,2022,Male,6824,,
Imperial,2023,Female,7972,,
Imperial,2023,Male,6853,,
Inyo,2012,Female,859,,
Inyo,2012,Male,621,,
Inyo,2013,Female,844,,
Inyo,2013,Male,548,,
Inyo,2014,Female,958,,
Inyo,2014,Male,644,,
Inyo,2015,Female,975,,
Inyo,2015,Male,728,,
Inyo,2016,Female,920,,
Inyo,2016,Male,629,,
Inyo,2017,Female,973,,
Inyo,2017,Male,712,,
Inyo,2018,Female,988,,
Inyo,2018,Male,673,,
Inyo,2019,Female,989,,
Inyo,2019,Male,813,,
Inyo,2019,"Unknown, Invalid",1,,
Inyo,2020,Female,855,,
Inyo,2020,Male,704,,
Inyo,2021,Female,728,,
Inyo,2021,Male,604,,
Inyo,2022,Female,630,,
Inyo,2022,Male,567,,
Inyo,2023,Female,645,,
Inyo,2023,Male,538,,
Inyo,2023,"Unknown, Invalid",1,,
Kern,2012,Female,55177,,
Kern,2012,Male,38597,,
Kern,2012,"Other, Unknown, Invalid",10,,
Kern,2013,Female,52519,,
Kern,2013,Male,37757,,
Kern,2013,"Other, Unknown, Invalid",9,,
Kern,2014,Female,52919,,
Kern,2014,Male,38365,,
Kern,2014,"Other, Unknown, Invalid",15,,
Kern,2015,Female,51745,,
Kern,2015,Male,37428,,
Kern,2015,"Other, Unknown, Invalid",17,,
Kern,2016,Female,52481,,
Kern,2016,Male,38881,,
Kern,2016,"Other, Unknown, Invalid",9,,
Kern,2017,Female,51916,,
Kern,2017,Male,39071,,
Kern,2017,"Unknown, Invalid",10,,
Kern,2018,Female,49956,,
Kern,2018,Male,37171,,
Kern,2018,"Unknown, Invalid",3,,
Kern,2019,Female,50753,,
Kern,2019,Male,38613,,
Kern,2019,"Unknown, Invalid",3,,
Kern,2020,Female,46846,,
Kern,2020,Male,36521,,
Kern,2021,Female,48062,,
Kern,2021,Male,38312,,
Kern,2021,"Unknown, Invalid",1,,
Kern,2022,Female,47778,,
Kern,2022,Male,37080,,
Kern,2022,"Unknown, Invalid",11,,
Kern,2023,Female,47741,,
Kern,2023,Male,38073,,
Kern,2023,"Unknown, Invalid",7,,
Kings,2012,Female,8436,,
Kings,2012,Male,6384,,
Kings,2013,Female,8054,,
Kings,2013,Male,5919,,
Kings,2014,Female,7985,,
Kings,2014,Male,5703,,
Kings,2015,Female,8162,,
Kings,2015,Male,5757,,
Kings,2016,Female,7891,,
Kings,2016,Male,5754,,
Kings,2017,Female,8597,,
Kings,2017,Male,6288,,
Kings,2018,Female,8093,,
Kings,2018,Male,5708,,
Kings,2018,"Unknown, Invalid",2,,
Kings,2019,Female,8038,,
Kings,2019,Male,6018,,
Kings,2019,"Unknown, Invalid",1,,
Kings,2020,Female,7762,,
Kings,2020,Male,5640,,
Kings,2021,Female,7894,,
Kings,2021,Male,5702,,
Kings,2022,Female,7550,,
Kings,2022,Male,5899,,
Kings,2022,"Unknown, Invalid",3,,
Kings,2023,Female,7086,,
Kings,2023,Male,5563,,
Kings,2023,"Unknown, Invalid",4,,
Lake,2012,Female,4997,,
Lake,2012,Male,4096,,
Lake,2012,"Other, Unknown, Invalid",1,,
Lake,2013,Female,5166,,
Lake,2013,Male,3823,,
Lake,2014,Female,4684,,
Lake,2014,Male,3689,,
Lake,2014,"Other, Unknown, Invalid",1,,
Lake,2015,Female,4736,,
Lake,2015,Male,3838,,
Lake,2015,"Other, Unknown, Invalid",1,,
Lake,2016,Female,4751,,
Lake,2016,Male,4098,,
Lake,2017,Female,4862,,
Lake,2017,Male,4185,,
Lake,2017,"Unknown, Invalid",1,,
Lake,2018,Female,4840,,
Lake,2018,Male,4060,,
Lake,2018,"Unknown, Invalid",8,,
Lake,2019,Female,4834,,
Lake,2019,Male,4006,,
Lake,2020,Female,4156,,
Lake,2020,Male,3490,,
Lake,2021,Female,4228,,
Lake,2021,Male,3762,,
Lake,2022,Female,4097,,
Lake,2022,Male,3700,,
Lake,2023,Female,4235,,
Lake,2023,Male,3642,,
Lassen,2012,Female,1158,,
Lassen,2012,Male,881,,
Lassen,2013,Female,1165,,
Lassen,2013,Male,806,,
Lassen,2014,Female,1233,,
Lassen,2014,Male,815,,
Lassen,2015,Female,1129,,
Lassen,2015,Male,822,,
Lassen,2016,Female,1120,,
Lassen,2016,Male,790,,
Lassen,2017,Female,982,,
Lassen,2017,Male,786,,
Lassen,2018,Female,981,,
Lassen,2018,Male,771,,
Lassen,2019,Female,948,,
Lassen,2019,Male,742,,
Lassen,2020,Female,820,,
Lassen,2020,Male,656,,
Lassen,2021,Female,812,,
Lassen,2021,Male,699,,
Lassen,2022,Female,810,,
Lassen,2022,Male,643,,
Lassen,2023,Female,783,,
Lassen,2023,Male,594,,
Los Angeles,2012,Female,628849,,
Los Angeles,2012,Male,460306,,
Los Angeles,2012,"Other, Unknown, Invalid",71,,
Los Angeles,2013,Female,603259,,
Los Angeles,2013,Male,448213,,
Los Angeles,2013,"Other, Unknown, Invalid",74,,
Los Angeles,2014,Female,600154,,
Los Angeles,2014,Male,450024,,
Los Angeles,2014,"Other, Unknown, Invalid",61,,
Los Angeles,2015,Female,595707,,
Los Angeles,2015,Male,455826,,
Los Angeles,2015,"Other, Unknown, Invalid",76,,
Los Angeles,2016,Female,590080,,
Los Angeles,2016,Male,459341,,
Los Angeles,2016,"Other, Unknown, Invalid",89,,
Los Angeles,2017,Female,581235,,
Los Angeles,2017,Male,454386,,
Los Angeles,2017,"Unknown, Invalid",56,,
Los Angeles,2018,Female,563306,,
Los Angeles,2018,Male,447132,,
Los Angeles,2018,"Unknown, Invalid",64,,
Los Angeles,2019,Female,552550,,
Los Angeles,2019,Male,442913,,
Los Angeles,2019,"Unknown, Invalid",61,,
Los Angeles,2020,Female,475819,,
Los Angeles,2020,Male,398352,,
Los Angeles,2020,"Unknown, Invalid",74,,
Los Angeles,2021,Female,487730,,
Los Angeles,2021,Male,409162,,
Los Angeles,2021,"Unknown, Invalid",105,,
Los Angeles,2022,Female,495098,,
Los Angeles,2022,Male,408845,,
Los Angeles,2022,"Unknown, Invalid",109,,
Los Angeles,2023,Female,503828,,
Los Angeles,2023,Male,435484,,
Los Angeles,2023,"Unknown, Invalid",157,,
Madera,2012,Female,8877,,
Madera,2012,Male,5997,,
Madera,2012,"Other, Unknown, Invalid",1,,
Madera,2013,Female,8724,,
Madera,2013,Male,6059,,
Madera,2013,"Other, Unknown, Invalid",3,,
Madera,2014,Female,8595,,
Madera,2014,Male,6093,,
Madera,2015,Female,8573,,
Madera,2015,Male,6184,,
Madera,2015,"Other, Unknown, Invalid",2,,
Madera,2016,Female,8748,,
Madera,2016,Male,6207,,
Madera,2016,"Other, Unknown, Invalid",3,,
Madera,2017,Female,8428,,
Madera,2017,Male,6075,,
Madera,2017,"Unknown, Invalid",4,,
Madera,2018,Female,8396,,
Madera,2018,Male,6297,,
Madera,2018,"Unknown, Invalid",3,,
Madera,2019,Female,8404,,
Madera,2019,Male,5930,,
Madera,2019,"Unknown, Invalid",2,,
Madera,2020,Female,7693,,
Madera,2020,Male,5684,,
Madera,2020,"Unknown, Invalid",1,,
Madera,2021,Female,7854,,
Madera,2021,Male,5849,,
Madera,2021,"Unknown, Invalid",2,,
Madera,2022,Female,8176,,
Madera,2022,Male,6018,,
Madera,2022,"Unknown, Invalid",1,,
Madera,2023,Female,8655,,
Madera,2023,Male,6134,,
Madera,2023,"Unknown, Invalid",1,,
Marin,2012,Female,11904,,
Marin,2012,Male,9308,,
Marin,2013,Female,11607,,
Marin,2013,Male,8998,,
Marin,2014,Female,11282,,
Marin,2014,Male,8611,,
Marin,2014,"Other, Unknown, Invalid",2,,
Marin,2015,Female,11190,,
Marin,2015,Male,8743,,
Marin,2015,"Other, Unknown, Invalid",4,,
Marin,2016,Female,11276,,
Marin,2016,Male,9083,,
Marin,2016,"Other, Unknown, Invalid",5,,
Marin,2017,Female,11263,,
Marin,2017,Male,9265,,
Marin,2018,Female,10686,,
Marin,2018,Male,8736,,
Marin,2018,"Unknown, Invalid",4,,
Marin,2019,Female,10159,,
Marin,2019,Male,8680,,
Marin,2020,Female,9113,,
Marin,2020,Male,7824,,
Marin,2020,"Unknown, Invalid",1,,
Marin,2021,Female,10125,,
Marin,2021,Male,8232,,
Marin,2021,"Unknown, Invalid",2,,
Marin,2022,Female,10334,,
Marin,2022,Male,8723,,
Marin,2022,"Unknown, Invalid",3,,
Marin,2023,Female,11128,,
Marin,2023,Male,9830,,
Marin,2023,"Unknown, Invalid",7,,
Mariposa,2012,Female,1045,,
Mariposa,2012,Male,827,,
Mariposa,2013,Female,879,,
Mariposa,2013,Male,738,,
Mariposa,2014,Female,938,,
Mariposa,2014,Male,747,,
Mariposa,2015,Female,1003,,
Mariposa,2015,Male,838,,
Mariposa,2016,Female,964,,
Mariposa,2016,Male,861,,
Mariposa,2017,Female,1017,,
Mariposa,2017,Male,858,,
Mariposa,2018,Female,1044,,
Mariposa,2018,Male,836,,
Mariposa,2019,Female,1033,,
Mariposa,2019,Male,819,,
Mariposa,2020,Female,937,,
Mariposa,2020,Male,746,,
Mariposa,2021,Female,981,,
Mariposa,2021,Male,743,,
Mariposa,2022,Female,960,,
Mariposa,2022,Male,793,,
Mariposa,2022,"Unknown, Invalid",1,,
Mariposa,2023,Female,1027,,
Mariposa,2023,Male,864,,
Mendocino,2012,Female,5537,,
Mendocino,2012,Male,4071,,
Mendocino,2013,Female,5384,,
Mendocino,2013,Male,4118,,
Mendocino,2013,"Other, Unknown, Invalid",1,,
Mendocino,2014,Female,5382,,
Mendocino,2014,Male,4128,,
Mendocino,2015,Female,5301,,
Mendocino,2015,Male,4208,,
Mendocino,2016,Female,5342,,
Mendocino,2016,Male,4253,,
Mendocino,2016,"Other, Unknown, Invalid",3,,
Mendocino,2017,Female,5523,,
Mendocino,2017,Male,4456,,
Mendocino,2018,Female,5432,,
Mendocino,2018,Male,4589,,
Mendocino,2018,"Unknown, Invalid",3,,
Mendocino,2019,Female,5338,,
Mendocino,2019,Male,4479,,
Mendocino,2020,Female,4954,,
Mendocino,2020,Male,4130,,
Mendocino,2021,Female,5020,,
Mendocino,2021,Male,4308,,
Mendocino,2022,Female,4975,,
Mendocino,2022,Male,4072,,
Mendocino,2023,Female,5008,,
Mendocino,2023,Male,4323,,
Merced,2012,Female,15304,,
Merced,2012,Male,10342,,
Merced,2012,"Other, Unknown, Invalid",3,,
Merced,2013,Female,14577,,
Merced,2013,Male,9855,,
Merced,2013,"Other, Unknown, Invalid",1,,
Merced,2014,Female,14174,,
Merced,2014,Male,9863,,
Merced,2014,"Other, Unknown, Invalid",1,,
Merced,2015,Female,16065,,
Merced,2015,Male,10880,,
Merced,2015,"Other, Unknown, Invalid",2,,
Merced,2016,Female,16483,,
Merced,2016,Male,11554,,
Merced,2016,"Other, Unknown, Invalid",6,,
Merced,2017,Female,17182,,
Merced,2017,Male,12343,,
Merced,2017,"Unknown, Invalid",3,,
Merced,2018,Female,17087,,
Merced,2018,Male,12185,,
Merced,2018,"Unknown, Invalid",1,,
Merced,2019,Female,16236,,
Merced,2019,Male,12009,,
Merced,2020,Female,14698,,
Merced,2020,Male,11145,,
Merced,2021,Female,15564,,
Merced,2021,Male,11744,,
Merced,2021,"Unknown, Invalid",9,,
Merced,2022,Female,15465,,
Merced,2022,Male,11651,,
Merced,2022,"Unknown, Invalid",2,,
Merced,2023,Female,15139,,
Merced,2023,Male,11953,,
Merced,2023,"Unknown, Invalid",3,,
Modoc,2012,Female,388,,
Modoc,2012,Male,356,,
Modoc,2013,Female,384,,
Modoc,2013,Male,260,,
Modoc,2014,Female,326,,
Modoc,2014,Male,260,,
Modoc,2015,Female,368,,
Modoc,2015,Male,293,,
Modoc,2016,Female,388,,
Modoc,2016,Male,243,,
Modoc,2017,Female,295,,
Modoc,2017,Male,300,,
Modoc,2018,Female,307,,
Modoc,2018,Male,308,,
Modoc,2019,Female,345,,
Modoc,2019,Male,311,,
Modoc,2020,Female,288,,
Modoc,2020,Male,296,,
Modoc,2021,Female,256,,
Modoc,2021,Male,254,,
Modoc,2022,Female,291,,
Modoc,2022,Male,269,,
Modoc,2023,Female,306,,
Modoc,2023,Male,252,,
Mono,2012,Female,329,,
Mono,2012,Male,291,,
Mono,2013,Female,375,,
Mono,2013,Male,283,,
Mono,2014,Female,377,,
Mono,2014,Male,273,,
Mono,2015,Female,370,,
Mono,2015,Male,281,,
Mono,2016,Female,376,,
Mono,2016,Male,299,,
Mono,2017,Female,394,,
Mono,2017,Male,323,,
Mono,2018,Female,349,,
Mono,2018,Male,349,,
Mono,2019,Female,373,,
Mono,2019,Male,340,,
Mono,2020,Female,301,,
Mono,2020,Male,307,,
Mono,2021,Female,330,,
Mono,2021,Male,294,,
Mono,2022,Female,336,,
Mono,2022,Male,264,,
Mono,2023,Female,321,,
Mono,2023,Male,276,,
Monterey,2012,Female,23597,,
Monterey,2012,Male,15824,,
Monterey,2012,"Other, Unknown, Invalid",3,,
Monterey,2013,Female,23351,,
Monterey,2013,Male,15863,,
Monterey,2013,"Other, Unknown, Invalid",4,,
Monterey,2014,Female,22466,,
Monterey,2014,Male,15456,,
Monterey,2014,"Other, Unknown, Invalid",6,,
Monterey,2015,Female,22764,,
Monterey,2015,Male,16388,,
Monterey,2015,"Other, Unknown, Invalid",8,,
Monterey,2016,Female,22696,,
Monterey,2016,Male,16352,,
Monterey,2016,"Other, Unknown, Invalid",11,,
Monterey,2017,Female,22714,,
Monterey,2017,Male,16921,,
Monterey,2017,"Unknown, Invalid",4,,
Monterey,2018,Female,23127,,
Monterey,2018,Male,17802,,
Monterey,2018,"Unknown, Invalid",7,,
Monterey,2019,Female,24212,,
Monterey,2019,Male,17997,,
Monterey,2019,"Unknown, Invalid",4,,
Monterey,2020,Female,21271,,
Monterey,2020,Male,16792,,
Monterey,2020,"Unknown, Invalid",5,,
Monterey,2021,Female,21833,,
Monterey,2021,Male,16950,,
Monterey,2021,"Unknown, Invalid",3,,
Monterey,2022,Female,23289,,
Monterey,2022,Male,18031,,
Monterey,2022,"Unknown, Invalid",12,,
Monterey,2023,Female,23769,,
Monterey,2023,Male,18905,,
Monterey,2023,"Unknown, Invalid",11,,
Napa,2012,Female,7514,,
Napa,2012,Male,6325,,
Napa,2013,Female,7430,,
Napa,2013,Male,5947,,
Napa,2013,"Other, Unknown, Invalid",2,,
Napa,2014,Female,7038,,
Napa,2014,Male,5750,,
Napa,2014,"Other, Unknown, Invalid",2,,
Napa,2015,Female,6923,,
Napa,2015,Male,5720,,
Napa,2015,"Other, Unknown, Invalid",3,,
Napa,2016,Female,6850,,
Napa,2016,Male,5689,,
Napa,2016,"Other, Unknown, Invalid",1,,
Napa,2017,Female,6637,,
Napa,2017,Male,5772,,
Napa,2017,"Unknown, Invalid",1,,
Napa,2018,Female,6364,,
Napa,2018,Male,5452,,
Napa,2018,"Unknown, Invalid",3,,
Napa,2019,Female,6298,,
Napa,2019,Male,5599,,
Napa,2019,"Unknown, Invalid",2,,
Napa,2020,Female,5302,,
Napa,2020,Male,4686,,
Napa,2020,"Unknown, Invalid",1,,
Napa,2021,Female,5571,,
Napa,2021,Male,4924,,
Napa,2021,"Unknown, Invalid",1,,
Napa,2022,Female,5508,,
Napa,2022,Male,4711,,
Napa,2022,"Unknown, Invalid",2,,
Napa,2023,Female,5978,,
Napa,2023,Male,5236,,
Napa,2023,"Unknown, Invalid",2,,
Nevada,2012,Female,5103,,
Nevada,2012,Male,4277,,
Nevada,2013,Female,4997,,
Nevada,2013,Male,4187,,
Nevada,2013,"Other, Unknown, Invalid",4,,
Nevada,2014,Female,4893,,
Nevada,2014,Male,3967,,
Nevada,2014,"Other, Unknown, Invalid",1,,
Nevada,2015,Female,4908,,
Nevada,2015,Male,4225,,
Nevada,2015,"Other, Unknown, Invalid",2,,
Nevada,2016,Female,4687,,
Nevada,2016,Male,4070,,
Nevada,2016,"Other, Unknown, Invalid",1,,
Nevada,2017,Female,4784,,
Nevada,2017,Male,4070,,
Nevada,2018,Female,4904,,
Nevada,2018,Male,4314,,
Nevada,2018,"Unknown, Invalid",3,,
Nevada,2019,Female,4788,,
Nevada,2019,Male,4222,,
Nevada,2019,"Unknown, Invalid",1,,
Nevada,2020,Female,4318,,
Nevada,2020,Male,3926,,
Nevada,2021,Female,4453,,
Nevada,2021,Male,4014,,
Nevada,2022,Female,4420,,
Nevada,2022,Male,3891,,
Nevada,2023,Female,4727,,
Nevada,2023,Male,4184,,
Nevada,2023,"Unknown, Invalid",1,,
Orange,2012,Female,165026,,
Orange,2012,Male,117792,,
Orange,2012,"Other, Unknown, Invalid",4,,
Orange,2013,Female,158994,,
Orange,2013,Male,115621,,
Orange,2013,"Other, Unknown, Invalid",16,,
Orange,2014,Female,159004,,
Orange,2014,Male,116045,,
Orange,2014,"Other, Unknown, Invalid",17,,
Orange,2015,Female,159743,,
Orange,2015,Male,119067,,
Orange,2015,"Other, Unknown, Invalid",16,,
Orange,2016,Female,161194,,
Orange,2016,Male,120873,,
Orange,2016,"Other, Unknown, Invalid",14,,
Orange,2017,Female,158875,,
Orange,2017,Male,120519,,
Orange,2017,"Unknown, Invalid",24,,
Orange,2018,Female,155756,,
Orange,2018,Male,119521,,
Orange,2018,"Unknown, Invalid",24,,
Orange,2019,Female,155206,,
Orange,2019,Male,120422,,
Orange,2019,"Unknown, Invalid",19,,
Orange,2020,Female,133780,,
Orange,2020,Male,108641,,
Orange,2020,"Unknown, Invalid",26,,
Orange,2021,Female,136272,,
Orange,2021,Male,111025,,
Orange,2021,"Unknown, Invalid",20,,
Orange,2022,Female,138582,,
Orange,2022,Male,111660,,
Orange,2022,"Unknown, Invalid",16,,
Orange,2023,Female,144434,,
Orange,2023,Male,121008,,
Orange,2023,"Unknown, Invalid",19,,
Out of State/Homeless,2012,Female,28854,,
Out of State/Homeless,2012,Male,40160,,
Out of State/Homeless,2012,"Other, Unknown, Invalid",65,,
Out of State/Homeless,2013,Female,28425,,
Out of State/Homeless,2013,Male,40513,,
Out of State/Homeless,2013,"Other, Unknown, Invalid",85,,
Out of State/Homeless,2014,Female,29294,,
Out of State/Homeless,2014,Male,41331,,
Out of State/Homeless,2014,"Other, Unknown, Invalid",11,,
Out of State/Homeless,2015,Female,30835,,
Out of State/Homeless,2015,Male,44432,,
Out of State/Homeless,2015,"Other, Unknown, Invalid",32,,
Out of State/Homeless,2016,Female,32313,,
Out of State/Homeless,2016,Male,48887,,
Out of State/Homeless,2016,"Other, Unknown, Invalid",83,,
Out of State/Homeless,2017,Female,43778,,
Out of State/Homeless,2017,Male,76166,,
Out of State/Homeless,2017,"Unknown, Invalid",11,,
Out of State/Homeless,2018,Female,52253,,
Out of State/Homeless,2018,Male,95733,,
Out of State/Homeless,2018,"Unknown, Invalid",32,,
Out of State/Homeless,2019,Female,58550,,
Out of State/Homeless,2019,Male,109594,,
Out of State/Homeless,2019,"Unknown, Invalid",21,,
Out of State/Homeless,2020,Female,49064,,
Out of State/Homeless,2020,Male,102883,,
Out of State/Homeless,2020,"Unknown, Invalid",36,,
Out of State/Homeless,2021,Female,49693,,
Out of State/Homeless,2021,Male,101503,,
Out of State/Homeless,2021,"Unknown, Invalid",29,,
Out of State/Homeless,2022,Female,52663,,
Out of State/Homeless,2022,Male,106443,,
Out of State/Homeless,2022,"Unknown, Invalid",63,,
Out of State/Homeless,2023,Female,32344,,
Out of State/Homeless,2023,Male,48072,,
Out of State/Homeless,2023,"Unknown, Invalid",37,,
Placer,2012,Female,18919,,
Placer,2012,Male,14277,,
Placer,2012,"Other, Unknown, Invalid",1,,
Placer,2013,Female,18740,,
Placer,2013,Male,14124,,
Placer,2013,"Other, Unknown, Invalid",3,,
Placer,2014,Female,17656,,
Placer,2014,Male,13643,,
Placer,2014,"Other, Unknown, Invalid",4,,
Placer,2015,Female,17553,,
Placer,2015,Male,13755,,
Placer,2015,"Other, Unknown, Invalid",3,,
Placer,2016,Female,18397,,
Placer,2016,Male,14496,,
Placer,2016,"Other, Unknown, Invalid",3,,
Placer,2017,Female,18529,,
Placer,2017,Male,14462,,
Placer,2017,"Unknown, Invalid",2,,
Placer,2018,Female,18254,,
Placer,2018,Male,14351,,
Placer,2019,Female,18656,,
Placer,2019,Male,14674,,
Placer,2020,Female,17015,,
Placer,2020,Male,13944,,
Placer,2020,"Unknown, Invalid",1,,
Placer,2021,Female,18927,,
Placer,2021,Male,15571,,
Placer,2021,"Unknown, Invalid",1,,
Placer,2022,Female,19059,,
Placer,2022,Male,15554,,
Placer,2022,"Unknown, Invalid",3,,
Placer,2023,Female,20505,,
Placer,2023,Male,16888,,
Placer,2023,"Unknown, Invalid",1,,
Plumas,2012,Female,808,,
Plumas,2012,Male,630,,
Plumas,2013,Female,809,,
Plumas,2013,Male,594,,
Plumas,2014,Female,803,,
Plumas,2014,Male,628,,
Plumas,2015,Female,918,,
Plumas,2015,Male,606,,
Plumas,2016,Female,884,,
Plumas,2016,Male,653,,
Plumas,2017,Female,859,,
Plumas,2017,Male,567,,
Plumas,2018,Female,899,,
Plumas,2018,Male,687,,
Plumas,2019,Female,863,,
Plumas,2019,Male,648,,
Plumas,2020,Female,699,,
Plumas,2020,Male,523,,
Plumas,2021,Female,699,,
Plumas,2021,Male,549,,
Plumas,2022,Female,645,,
Plumas,2022,Male,525,,
Plumas,2023,Female,596,,
Plumas,2023,Male,495,,
Riverside,2012,Female,131383,,
Riverside,2012,Male,94400,,
Riverside,2012,"Other, Unknown, Invalid",19,,
Riverside,2013,Female,130213,,
Riverside,2013,Male,95672,,
Riverside,2014,Female,131106,,
Riverside,2014,Male,97548,,
Riverside,2014,"Other, Unknown, Invalid",4,,
Riverside,2015,Female,132708,,
Riverside,2015,Male,99085,,
Riverside,2015,"Other, Unknown, Invalid",5,,
Riverside,2016,Female,131895,,
Riverside,2016,Male,99952,,
Riverside,2016,"Other, Unknown, Invalid",29,,
Riverside,2017,Female,129764,,
Riverside,2017,Male,99597,,
Riverside,2017,"Unknown, Invalid",12,,
Riverside,2018,Female,128335,,
Riverside,2018,Male,99328,,
Riverside,2018,"Unknown, Invalid",28,,
Riverside,2019,Female,128831,,
Riverside,2019,Male,101741,,
Riverside,2019,"Unknown, Invalid",22,,
Riverside,2020,Female,116725,,
Riverside,2020,Male,95225,,
Riverside,2020,"Unknown, Invalid",28,,
Riverside,2021,Female,121576,,
Riverside,2021,Male,99097,,
Riverside,2021,"Unknown, Invalid",27,,
Riverside,2022,Female,125336,,
Riverside,2022,Male,101513,,
Riverside,2022,"Unknown, Invalid",18,,
Riverside,2023,Female,128022,,
Riverside,2023,Male,107053,,
Riverside,2023,"Unknown, Invalid",32,,
Sacramento,2012,Female,87294,,
Sacramento,2012,Male,61799,,
Sacramento,2012,"Other, Unknown, Invalid",8,,
Sacramento,2013,Female,87672,,
Sacramento,2013,Male,63250,,
Sacramento,2013,"Other, Unknown, Invalid",11,,
Sacramento,2014,Female,88280,,
Sacramento,2014,Male,63690,,
Sacramento,2014,"Other, Unknown, Invalid",9,,
Sacramento,2015,Female,88400,,
Sacramento,2015,Male,64213,,
Sacramento,2015,"Other, Unknown, Invalid",13,,
Sacramento,2016,Female,87086,,
Sacramento,2016,Male,65149,,
Sacramento,2016,"Other, Unknown, Invalid",18,,
Sacramento,2017,Female,87653,,
Sacramento,2017,Male,65047,,
Sacramento,2017,"Unknown, Invalid",11,,
Sacramento,2018,Female,85754,,
Sacramento,2018,Male,63198,,
Sacramento,2018,"Unknown, Invalid",6,,
Sacramento,2019,Female,84035,,
Sacramento,2019,Male,62350,,
Sacramento,2019,"Unknown, Invalid",5,,
Sacramento,2020,Female,76581,,
Sacramento,2020,Male,58462,,
Sacramento,2020,"Unknown, Invalid",4,,
Sacramento,2021,Female,81095,,
Sacramento,2021,Male,61615,,
Sacramento,2021,"Unknown, Invalid",4,,
Sacramento,2022,Female,81071,,
Sacramento,2022,Male,61589,,
Sacramento,2022,"Unknown, Invalid",12,,
Sacramento,2023,Female,84448,,
Sacramento,2023,Male,66624,,
Sacramento,2023,"Unknown, Invalid",6,,
San Benito,2012,Female,2982,,
San Benito,2012,Male,2200,,
San Benito,2012,"Other, Unknown, Invalid",1,,
San Benito,2013,Female,3132,,
San Benito,2013,Male,2205,,
San Benito,2014,Female,3023,,
San Benito,2014,Male,2114,,
San Benito,2014,"Other, Unknown, Invalid",1,,
San Benito,2015,Female,2979,,
San Benito,2015,Male,2112,,
San Benito,2015,"Other, Unknown, Invalid",1,,
San Benito,2016,Female,3125,,
San Benito,2016,Male,2286,,
San Benito,2016,"Other, Unknown, Invalid",1,,
San Benito,2017,Female,3163,,
San Benito,2017,Male,2248,,
San Benito,2018,Female,3218,,
San Benito,2018,Male,2283,,
San Benito,2019,Female,3082,,
San Benito,2019,Male,2384,,
San Benito,2019,"Unknown, Invalid",3,,
San Benito,2020,Female,2657,,
San Benito,2020,Male,2116,,
San Benito,2021,Female,3228,,
San Benito,2021,Male,2427,,
San Benito,2021,"Unknown, Invalid",1,,
San Benito,2022,Female,3481,,
San Benito,2022,Male,2473,,
San Benito,2022,"Unknown, Invalid",2,,
San Benito,2023,Female,3155,,
San Benito,2023,Male,2432,,
San Benito,2023,"Unknown, Invalid",1,,
San Bernardino,2012,Female,130259,,
San Bernardino,2012,Male,90938,,
San Bernardino,2012,"Other, Unknown, Invalid",7,,
San Bernardino,2013,Female,128827,,
San Bernardino,2013,Male,91590,,
San Bernardino,2013,"Other, Unknown, Invalid",11,,
San Bernardino,2014,Female,129321,,
San Bernardino,2014,Male,91293,,
San Bernardino,2014,"Other, Unknown, Invalid",14,,
San Bernardino,2015,Female,126424,,
San Bernardino,2015,Male,91292,,
San Bernardino,2015,"Other, Unknown, Invalid",18,,
San Bernardino,2016,Female,128411,,
San Bernardino,2016,Male,94480,,
San Bernardino,2016,"Other, Unknown, Invalid",13,,
San Bernardino,2017,Female,125325,,
San Bernardino,2017,Male,94753,,
San Bernardino,2017,"Unknown, Invalid",7,,
San Bernardino,2018,Female,125026,,
San Bernardino,2018,Male,94302,,
San Bernardino,2018,"Unknown, Invalid",15,,
San Bernardino,2019,Female,123865,,
San Bernardino,2019,Male,94024,,
San Bernardino,2019,"Unknown, Invalid",16,,
San Bernardino,2020,Female,109825,,
San Bernardino,2020,Male,85555,,
San Bernardino,2020,"Unknown, Invalid",8,,
San Bernardino,2021,Female,111157,,
San Bernardino,2021,Male,86888,,
San Bernardino,2021,"Unknown, Invalid",8,,
San Bernardino,2022,Female,114309,,
San Bernardino,2022,Male,88796,,
San Bernardino,2022,"Unknown, Invalid",12,,
San Bernardino,2023,Female,118632,,
San Bernardino,2023,Male,96807,,
San Bernardino,2023,"Unknown, Invalid",16,,
San Diego,2012,Female,178911,,
San Diego,2012,Male,133882,,
San Diego,2012,"Other, Unknown, Invalid",3,,
San Diego,2013,Female,174436,,
San Diego,2013,Male,131655,,
San Diego,2013,"Other, Unknown, Invalid",15,,
San Diego,2014,Female,172797,,
San Diego,2014,Male,129966,,
San Diego,2014,"Other, Unknown, Invalid",5,,
San Diego,2015,Female,174839,,
San Diego,2015,Male,133261,,
San Diego,2015,"Other, Unknown, Invalid",13,,
San Diego,2016,Female,170449,,
San Diego,2016,Male,132286,,
San Diego,2016,"Other, Unknown, Invalid",11,,
San Diego,2017,Female,168772,,
San Diego,2017,Male,130218,,
San Diego,2017,"Unknown, Invalid",2,,
San Diego,2018,Female,167038,,
San Diego,2018,Male,130674,,
San Diego,2018,"Unknown, Invalid",9,,
San Diego,2019,Female,167077,,
San Diego,2019,Male,131266,,
San Diego,2019,"Unknown, Invalid",6,,
San Diego,2020,Female,151857,,
San Diego,2020,Male,120221,,
San Diego,2020,"Unknown, Invalid",12,,
San Diego,2021,Female,158983,,
San Diego,2021,Male,127500,,
San Diego,2021,"Unknown, Invalid",10,,
San Diego,2022,Female,162636,,
San Diego,2022,Male,129344,,
San Diego,2022,"Unknown, Invalid",24,,
San Diego,2023,Female,162331,,
San Diego,2023,Male,132491,,
San Diego,2023,"Unknown, Invalid",19,,
San Francisco,2012,Female,41964,,
San Francisco,2012,Male,36259,,
San Francisco,2012,"Other, Unknown, Invalid",7,,
San Francisco,2013,Female,40830,,
San Francisco,2013,Male,36625,,
San Francisco,2013,"Other, Unknown, Invalid",13,,
San Francisco,2014,Female,40435,,
San Francisco,2014,Male,36052,,
San Francisco,2014,"Other, Unknown, Invalid",14,,
San Francisco,2015,Female,40908,,
San Francisco,2015,Male,35441,,
San Francisco,2015,"Other, Unknown, Invalid",18,,
San Francisco,2016,Female,40059,,
San Francisco,2016,Male,35817,,
San Francisco,2016,"Other, Unknown, Invalid",43,,
San Francisco,2017,Female,39032,,
San Francisco,2017,Male,33554,,
San Francisco,2017,"Unknown, Invalid",2,,
San Francisco,2018,Female,38429,,
San Francisco,2018,Male,33013,,
San Francisco,2018,"Unknown, Invalid",2,,
San Francisco,2019,Female,37684,,
San Francisco,2019,Male,32355,,
San Francisco,2019,"Unknown, Invalid",12,,
San Francisco,2020,Female,33400,,
San Francisco,2020,Male,29179,,
San Francisco,2020,"Unknown, Invalid",2,,
San Francisco,2021,Female,34036,,
San Francisco,2021,Male,30252,,
San Francisco,2021,"Unknown, Invalid",7,,
San Francisco,2022,Female,34307,,
San Francisco,2022,Male,30211,,
San Francisco,2022,"Unknown, Invalid",83,,
San Francisco,2023,Female,35749,,
San Francisco,2023,Male,34423,,
San Francisco,2023,"Unknown, Invalid",4,,
San Joaquin,2012,Female,40626,,
San Joaquin,2012,Male,28535,,
San Joaquin,2012,"Other, Unknown, Invalid",5,,
San Joaquin,2013,Female,39437,,
San Joaquin,2013,Male,28230,,
San Joaquin,2013,"Other, Unknown, Invalid",15,,
San Joaquin,2014,Female,40933,,
San Joaquin,2014,Male,29987,,
San Joaquin,2014,"Other, Unknown, Invalid",4,,
San Joaquin,2015,Female,42035,,
San Joaquin,2015,Male,31785,,
San Joaquin,2015,"Other, Unknown, Invalid",7,,
San Joaquin,2016,Female,41586,,
San Joaquin,2016,Male,31771,,
San Joaquin,2016,"Other, Unknown, Invalid",15,,
San Joaquin,2017,Female,42092,,
San Joaquin,2017,Male,32565,,
San Joaquin,2017,"Unknown, Invalid",4,,
San Joaquin,2018,Female,42172,,
San Joaquin,2018,Male,32915,,
San Joaquin,2018,"Unknown, Invalid",3,,
San Joaquin,2019,Female,42683,,
San Joaquin,2019,Male,33675,,
San Joaquin,2019,"Unknown, Invalid",2,,
San Joaquin,2020,Female,38515,,
San Joaquin,2020,Male,31152,,
San Joaquin,2020,"Unknown, Invalid",3,,
San Joaquin,2021,Female,39448,,
San Joaquin,2021,Male,31561,,
San Joaquin,2021,"Unknown, Invalid",1,,
San Joaquin,2022,Female,40058,,
San Joaquin,2022,Male,31699,,
San Joaquin,2022,"Unknown, Invalid",1,,
San Joaquin,2023,Female,40266,,
San Joaquin,2023,Male,32884,,
San Joaquin,2023,"Unknown, Invalid",4,,
San Luis Obispo,2012,Female,13379,,
San Luis Obispo,2012,Male,10232,,
San Luis Obispo,2012,"Other, Unknown, Invalid",3,,
San Luis Obispo,2013,Female,12995,,
San Luis Obispo,2013,Male,10231,,
San Luis Obispo,2013,"Other, Unknown, Invalid",4,,
San Luis Obispo,2014,Female,12802,,
San Luis Obispo,2014,Male,9906,,
San Luis Obispo,2014,"Other, Unknown, Invalid",5,,
San Luis Obispo,2015,Female,13046,,
San Luis Obispo,2015,Male,10387,,
San Luis Obispo,2015,"Other, Unknown, Invalid",1,,
San Luis Obispo,2016,Female,12984,,
San Luis Obispo,2016,Male,10394,,
San Luis Obispo,2016,"Other, Unknown, Invalid",3,,
San Luis Obispo,2017,Female,13072,,
San Luis Obispo,2017,Male,10472,,
San Luis Obispo,2017,"Unknown, Invalid",1,,
San Luis Obispo,2018,Female,12800,,
San Luis Obispo,2018,Male,10425,,
San Luis Obispo,2018,"Unknown, Invalid",1,,
San Luis Obispo,2019,Female,13061,,
San Luis Obispo,2019,Male,10729,,
San Luis Obispo,2020,Female,11706,,
San Luis Obispo,2020,Male,9440,,
San Luis Obispo,2020,"Unknown, Invalid",1,,
San Luis Obispo,2021,Female,12060,,
San Luis Obispo,2021,Male,9667,,
San Luis Obispo,2021,"Unknown, Invalid",1,,
San Luis Obispo,2022,Female,12397,,
San Luis Obispo,2022,Male,9991,,
San Luis Obispo,2022,"Unknown, Invalid",2,,
San Luis Obispo,2023,Female,12859,,
San Luis Obispo,2023,Male,10901,,
San Luis Obispo,2023,"Unknown, Invalid",5,,
San Mateo,2012,Female,35544,,
San Mateo,2012,Male,25005,,
San Mateo,2012,"Other, Unknown, Invalid",7,,
San Mateo,2013,Female,34272,,
San Mateo,2013,Male,24730,,
San Mateo,2013,"Other, Unknown, Invalid",7,,
San Mateo,2014,Female,33285,,
San Mateo,2014,Male,23917,,
San Mateo,2014,"Other, Unknown, Invalid",5,,
San Mateo,2015,Female,33725,,
San Mateo,2015,Male,24559,,
San Mateo,2015,"Other, Unknown, Invalid",6,,
San Mateo,2016,Female,33034,,
San Mateo,2016,Male,23647,,
San Mateo,2016,"Other, Unknown, Invalid",12,,
San Mateo,2017,Female,32273,,
San Mateo,2017,Male,24160,,
San Mateo,2017,"Unknown, Invalid",1,,
San Mateo,2018,Female,31597,,
San Mateo,2018,Male,23334,,
San Mateo,2018,"Unknown, Invalid",3,,
San Mateo,2019,Female,31359,,
San Mateo,2019,Male,23394,,
San Mateo,2019,"Unknown, Invalid",1,,
San Mateo,2020,Female,27977,,
San Mateo,2020,Male,20976,,
San Mateo,2020,"Unknown, Invalid",1,,
San Mateo,2021,Female,28428,,
San Mateo,2021,Male,21152,,
San Mateo,2021,"Unknown, Invalid",3,,
San Mateo,2022,Female,28793,,
San Mateo,2022,Male,22244,,
San Mateo,2022,"Unknown, Invalid",5,,
San Mateo,2023,Female,29081,,
San Mateo,2023,Male,23309,,
San Mateo,2023,"Unknown, Invalid",3,,
Santa Barbara,2012,Female,22564,,
Santa Barbara,2012,Male,15843,,
Santa Barbara,2012,"Other, Unknown, Invalid",4,,
Santa Barbara,2013,Female,22640,,
Santa Barbara,2013,Male,16297,,
Santa Barbara,2013,"Other, Unknown, Invalid",12,,
Santa Barbara,2014,Female,23019,,
Santa Barbara,2014,Male,16553,,
Santa Barbara,2014,"Other, Unknown, Invalid",8,,
Santa Barbara,2015,Female,23122,,
Santa Barbara,2015,Male,16569,,
Santa Barbara,2015,"Other, Unknown, Invalid",2,,
Santa Barbara,2016,Female,22634,,
Santa Barbara,2016,Male,16657,,
Santa Barbara,2016,"Other, Unknown, Invalid",1,,
Santa Barbara,2017,Female,22786,,
Santa Barbara,2017,Male,16810,,
Santa Barbara,2017,"Unknown, Invalid",1,,
Santa Barbara,2018,Female,22300,,
Santa Barbara,2018,Male,16290,,
Santa Barbara,2018,"Unknown, Invalid",3,,
Santa Barbara,2019,Female,23310,,
Santa Barbara,2019,Male,16700,,
Santa Barbara,2019,"Unknown, Invalid",2,,
Santa Barbara,2020,Female,20988,,
Santa Barbara,2020,Male,15959,,
Santa Barbara,2020,"Unknown, Invalid",2,,
Santa Barbara,2021,Female,21985,,
Santa Barbara,2021,Male,16191,,
Santa Barbara,2021,"Unknown, Invalid",4,,
Santa Barbara,2022,Female,22559,,
Santa Barbara,2022,Male,16418,,
Santa Barbara,2022,"Unknown, Invalid",3,,
Santa Barbara,2023,Female,22337,,
Santa Barbara,2023,Male,17147,,
Santa Barbara,2023,"Unknown, Invalid",4,,
Santa Clara,2012,Female,89310,,
Santa Clara,2012,Male,60069,,
Santa Clara,2012,"Other, Unknown, Invalid",19,,
Santa Clara,2013,Female,87383,,
Santa Clara,2013,Male,60284,,
Santa Clara,2013,"Other, Unknown, Invalid",16,,
Santa Clara,2014,Female,86195,,
Santa Clara,2014,Male,60457,,
Santa Clara,2014,"Other, Unknown, Invalid",25,,
Santa Clara,2015,Female,87798,,
Santa Clara,2015,Male,61677,,
Santa Clara,2015,"Other, Unknown, Invalid",30,,
Santa Clara,2016,Female,85352,,
Santa Clara,2016,Male,61244,,
Santa Clara,2016,"Other, Unknown, Invalid",38,,
Santa Clara,2017,Female,85972,,
Santa Clara,2017,Male,62407,,
Santa Clara,2017,"Unknown, Invalid",9,,
Santa Clara,2018,Female,82452,,
Santa Clara,2018,Male,59577,,
Santa Clara,2018,"Unknown, Invalid",15,,
Santa Clara,2019,Female,81501,,
Santa Clara,2019,Male,60259,,
Santa Clara,2019,"Unknown, Invalid",27,,
Santa Clara,2020,Female,72640,,
Santa Clara,2020,Male,55684,,
Santa Clara,2020,"Unknown, Invalid",12,,
Santa Clara,2021,Female,75456,,
Santa Clara,2021,Male,58651,,
Santa Clara,2021,"Unknown, Invalid",10,,
Santa Clara,2022,Female,77772,,
Santa Clara,2022,Male,60110,,
Santa Clara,2022,"Unknown, Invalid",11,,
Santa Clara,2023,Female,79771,,
Santa Clara,2023,Male,63885,,
Santa Clara,2023,"Unknown, Invalid",10,,
Santa Cruz,2012,Female,14279,,
Santa Cruz,2012,Male,10382,,
Santa Cruz,2012,"Other, Unknown, Invalid",8,,
Santa Cruz,2013,Female,13114,,
Santa Cruz,2013,Male,9811,,
Santa Cruz,2013,"Other, Unknown, Invalid",5,,
Santa Cruz,2014,Female,13196,,
Santa Cruz,2014,Male,9999,,
Santa Cruz,2014,"Other, Unknown, Invalid",2,,
Santa Cruz,2015,Female,12951,,
Santa Cruz,2015,Male,10012,,
Santa Cruz,2015,"Other, Unknown, Invalid",7,,
Santa Cruz,2016,Female,12866,,
Santa Cruz,2016,Male,9705,,
Santa Cruz,2016,"Other, Unknown, Invalid",3,,
Santa Cruz,2017,Female,12717,,
Santa Cruz,2017,Male,9983,,
Santa Cruz,2017,"Unknown, Invalid",2,,
Santa Cruz,2018,Female,12154,,
Santa Cruz,2018,Male,9484,,
Santa Cruz,2019,Female,12400,,
Santa Cruz,2019,Male,9617,,
Santa Cruz,2020,Female,10907,,
Santa Cruz,2020,Male,8822,,
Santa Cruz,2020,"Unknown, Invalid",2,,
Santa Cruz,2021,Female,11464,,
Santa Cruz,2021,Male,9296,,
Santa Cruz,2021,"Unknown, Invalid",3,,
Santa Cruz,2022,Female,11543,,
Santa Cruz,2022,Male,9212,,
Santa Cruz,2022,"Unknown, Invalid",4,,
Santa Cruz,2023,Female,11777,,
Santa Cruz,2023,Male,10120,,
Santa Cruz,2023,"Unknown, Invalid",3,,
Shasta,2012,Female,12813,,
Shasta,2012,Male,10259,,
Shasta,2013,Female,12715,,
Shasta,2013,Male,9990,,
Shasta,2013,"Other, Unknown, Invalid",3,,
Shasta,2014,Female,12538,,
Shasta,2014,Male,10112,,
Shasta,2014,"Other, Unknown, Invalid",2,,
Shasta,2015,Female,12308,,
Shasta,2015,Male,10113,,
Shasta,2015,"Other, Unknown, Invalid",2,,
Shasta,2016,Female,12747,,
Shasta,2016,Male,10460,,
Shasta,2016,"Other, Unknown, Invalid",3,,
Shasta,2017,Female,12597,,
Shasta,2017,Male,10652,,
Shasta,2018,Female,12489,,
Shasta,2018,Male,10338,,
Shasta,2019,Female,12244,,
Shasta,2019,Male,10059,,
Shasta,2020,Female,11148,,
Shasta,2020,Male,9529,,
Shasta,2021,Female,10987,,
Shasta,2021,Male,9686,,
Shasta,2022,Female,11197,,
Shasta,2022,Male,9388,,
Shasta,2023,Female,11863,,
Shasta,2023,Male,10131,,
Shasta,2023,"Unknown, Invalid",1,,
Sierra,2012,Female,106,,
Sierra,2012,Male,90,,
Sierra,2013,Female,99,,
Sierra,2013,Male,68,,
Sierra,2014,Female,106,,
Sierra,2014,Male,93,,
Sierra,2015,Female,120,,
Sierra,2015,Male,86,,
Sierra,2016,Female,126,,
Sierra,2016,Male,77,,
Sierra,2017,Female,124,,
Sierra,2017,Male,82,,
Sierra,2018,Female,102,,
Sierra,2018,Male,85,,
Sierra,2019,Female,104,,
Sierra,2019,Male,102,,
Sierra,2020,Female,79,,
Sierra,2020,Male,88,,
Sierra,2021,Female,117,,
Sierra,2021,Male,68,,
Sierra,2022,Female,81,,
Sierra,2022,Male,66,,
Sierra,2023,Female,76,,
Sierra,2023,Male,65,,
Siskiyou,2012,Female,2183,,
Siskiyou,2012,Male,1693,,
Siskiyou,2013,Female,2193,,
Siskiyou,2013,Male,1748,,
Siskiyou,2014,Female,2022,,
Siskiyou,2014,Male,1532,,
Siskiyou,2015,Female,2137,,
Siskiyou,2015,Male,1661,,
Siskiyou,2016,Female,2063,,
Siskiyou,2016,Male,1643,,
Siskiyou,2017,Female,1970,,
Siskiyou,2017,Male,1595,,
Siskiyou,2018,Female,1826,,
Siskiyou,2018,Male,1589,,
Siskiyou,2019,Female,1867,,
Siskiyou,2019,Male,1603,,
Siskiyou,2020,Female,1651,,
Siskiyou,2020,Male,1436,,
Siskiyou,2021,Female,1670,,
Siskiyou,2021,Male,1471,,
Siskiyou,2022,Female,1596,,
Siskiyou,2022,Male,1466,,
Siskiyou,2023,Female,1735,,
Siskiyou,2023,Male,1420,,
Siskiyou,2023,"Unknown, Invalid",1,,
Solano,2012,Female,22061,,
Solano,2012,Male,16317,,
Solano,2013,Female,22185,,
Solano,2013,Male,16487,,
Solano,2013,"Other, Unknown, Invalid",2,,
Solano,2014,Female,21445,,
Solano,2014,Male,16133,,
Solano,2015,Female,21401,,
Solano,2015,Male,16132,,
Solano,2015,"Other, Unknown, Invalid",3,,
Solano,2016,Female,22523,,
Solano,2016,Male,17018,,
Solano,2016,"Other, Unknown, Invalid",9,,
Solano,2017,Female,21796,,
Solano,2017,Male,16685,,
Solano,2017,"Unknown, Invalid",2,,
Solano,2018,Female,21417,,
Solano,2018,Male,16425,,
Solano,2018,"Unknown, Invalid",1,,
Solano,2019,Female,21848,,
Solano,2019,Male,16880,,
Solano,2019,"Unknown, Invalid",1,,
Solano,2020,Female,19556,,
Solano,2020,Male,15298,,
Solano,2020,"Unknown, Invalid",2,,
Solano,2021,Female,20382,,
Solano,2021,Male,15797,,
Solano,2021,"Unknown, Invalid",1,,
Solano,2022,Female,20242,,
Solano,2022,Male,15481,,
Solano,2022,"Unknown, Invalid",1,,
Solano,2023,Female,20716,,
Solano,2023,Male,16558,,
Solano,2023,"Unknown, Invalid",1,,
Sonoma,2012,Female,24327,,
Sonoma,2012,Male,17623,,
Sonoma,2012,"Other, Unknown, Invalid",3,,
Sonoma,2013,Female,23549,,
Sonoma,2013,Male,17226,,
Sonoma,2013,"Other, Unknown, Invalid",4,,
Sonoma,2014,Female,23559,,
Sonoma,2014,Male,17264,,
Sonoma,2014,"Other, Unknown, Invalid",5,,
Sonoma,2015,Female,23971,,
Sonoma,2015,Male,17767,,
Sonoma,2015,"Other, Unknown, Invalid",4,,
Sonoma,2016,Female,24512,,
Sonoma,2016,Male,18592,,
Sonoma,2016,"Other, Unknown, Invalid",12,,
Sonoma,2017,Female,23826,,
Sonoma,2017,Male,18422,,
Sonoma,2018,Female,23380,,
Sonoma,2018,Male,18057,,
Sonoma,2018,"Unknown, Invalid",367,,
Sonoma,2019,Female,23459,,
Sonoma,2019,Male,18265,,
Sonoma,2019,"Unknown, Invalid",9,,
Sonoma,2020,Female,20765,,
Sonoma,2020,Male,16921,,
Sonoma,2020,"Unknown, Invalid",5,,
Sonoma,2021,Female,22001,,
Sonoma,2021,Male,17615,,
Sonoma,2021,"Unknown, Invalid",6,,
Sonoma,2022,Female,22823,,
Sonoma,2022,Male,18352,,
Sonoma,2022,"Unknown, Invalid",4,,
Sonoma,2023,Female,23397,,
Sonoma,2023,Male,19777,,
Sonoma,2023,"Unknown, Invalid",2,,
Stanislaus,2012,Female,34849,,
Stanislaus,2012,Male,24937,,
Stanislaus,2012,"Other, Unknown, Invalid",1,,
Stanislaus,2013,Female,34424,,
Stanislaus,2013,Male,25054,,
Stanislaus,2013,"Other, Unknown, Invalid",12,,
Stanislaus,2014,Female,34160,,
Stanislaus,2014,Male,24635,,
Stanislaus,2014,"Other, Unknown, Invalid",8,,
Stanislaus,2015,Female,34888,,
Stanislaus,2015,Male,25527,,
Stanislaus,2015,"Other, Unknown, Invalid",1,,
Stanislaus,2016,Female,34525,,
Stanislaus,2016,Male,26054,,
Stanislaus,2016,"Other, Unknown, Invalid",3,,
Stanislaus,2017,Female,34293,,
Stanislaus,2017,Male,25488,,
Stanislaus,2017,"Unknown, Invalid",5,,
Stanislaus,2018,Female,33863,,
Stanislaus,2018,Male,25477,,
Stanislaus,2018,"Unknown, Invalid",5,,
Stanislaus,2019,Female,33654,,
Stanislaus,2019,Male,26001,,
Stanislaus,2019,"Unknown, Invalid",4,,
Stanislaus,2020,Female,30803,,
Stanislaus,2020,Male,24497,,
Stanislaus,2020,"Unknown, Invalid",4,,
Stanislaus,2021,Female,33132,,
Stanislaus,2021,Male,25759,,
Stanislaus,2021,"Unknown, Invalid",7,,
Stanislaus,2022,Female,32496,,
Stanislaus,2022,Male,24939,,
Stanislaus,2022,"Unknown, Invalid",2,,
Stanislaus,2023,Female,33278,,
Stanislaus,2023,Male,26946,,
Stanislaus,2023,"Unknown, Invalid",4,,
Sutter,2012,Female,6355,,
Sutter,2012,Male,4378,,
Sutter,2013,Female,6104,,
Sutter,2013,Male,4527,,
Sutter,2014,Female,5944,,
Sutter,2014,Male,4200,,
Sutter,2015,Female,5891,,
Sutter,2015,Male,4248,,
Sutter,2015,"Other, Unknown, Invalid",1,,
Sutter,2016,Female,6030,,
Sutter,2016,Male,4467,,
Sutter,2016,"Other, Unknown, Invalid",1,,
Sutter,2017,Female,5794,,
Sutter,2017,Male,4531,,
Sutter,2018,Female,5981,,
Sutter,2018,Male,4848,,
Sutter,2019,Female,5975,,
Sutter,2019,Male,4678,,
Sutter,2020,Female,5654,,
Sutter,2020,Male,4440,,
Sutter,2020,"Unknown, Invalid",3,,
Sutter,2021,Female,5816,,
Sutter,2021,Male,4788,,
Sutter,2021,"Unknown, Invalid",1,,
Sutter,2022,Female,5382,,
Sutter,2022,Male,4180,,
Sutter,2023,Female,5653,,
Sutter,2023,Male,4466,,
Sutter,2023,"Unknown, Invalid",4,,
Tehama,2012,Female,3676,,
Tehama,2012,Male,2619,,
Tehama,2013,Female,3445,,
Tehama,2013,Male,2604,,
Tehama,2014,Female,3545,,
Tehama,2014,Male,2615,,
Tehama,2015,Female,3617,,
Tehama,2015,Male,2647,,
Tehama,2016,Female,3609,,
Tehama,2016,Male,2829,,
Tehama,2017,Female,3434,,
Tehama,2017,Male,2719,,
Tehama,2018,Female,3727,,
Tehama,2018,Male,2846,,
Tehama,2018,"Unknown, Invalid",1,,
Tehama,2019,Female,3886,,
Tehama,2019,Male,2936,,
Tehama,2020,Female,3373,,
Tehama,2020,Male,2719,,
Tehama,2020,"Unknown, Invalid",1,,
Tehama,2021,Female,3566,,
Tehama,2021,Male,2929,,
Tehama,2022,Female,3383,,
Tehama,2022,Male,2823,,
Tehama,2022,"Unknown, Invalid",1,,
Tehama,2023,Female,3436,,
Tehama,2023,Male,2847,,
Trinity,2012,Female,874,,
Trinity,2012,Male,664,,
Trinity,2013,Female,861,,
Trinity,2013,Male,657,,
Trinity,2014,Female,756,,
Trinity,2014,Male,690,,
Trinity,2014,"Other, Unknown, Invalid",1,,
Trinity,2015,Female,782,,
Trinity,2015,Male,727,,
Trinity,2016,Female,723,,
Trinity,2016,Male,747,,
Trinity,2017,Female,782,,
Trinity,2017,Male,721,,
Trinity,2018,Female,755,,
Trinity,2018,Male,685,,
Trinity,2019,Female,696,,
Trinity,2019,Male,620,,
Trinity,2020,Female,598,,
Trinity,2020,Male,603,,
Trinity,2021,Female,621,,
Trinity,2021,Male,609,,
Trinity,2022,Female,612,,
Trinity,2022,Male,591,,
Trinity,2023,Female,568,,
Trinity,2023,Male,592,,
Tulare,2012,Female,29105,,
Tulare,2012,Male,19687,,
Tulare,2012,"Other, Unknown, Invalid",3,,
Tulare,2013,Female,27417,,
Tulare,2013,Male,18910,,
Tulare,2013,"Other, Unknown, Invalid",2,,
Tulare,2014,Female,27655,,
Tulare,2014,Male,18961,,
Tulare,2014,"Other, Unknown, Invalid",2,,
Tulare,2015,Female,27651,,
Tulare,2015,Male,19575,,
Tulare,2015,"Other, Unknown, Invalid",6,,
Tulare,2016,Female,27080,,
Tulare,2016,Male,19468,,
Tulare,2016,"Other, Unknown, Invalid",2,,
Tulare,2017,Female,27819,,
Tulare,2017,Male,19938,,
Tulare,2017,"Unknown, Invalid",1,,
Tulare,2018,Female,25797,,
Tulare,2018,Male,18449,,
Tulare,2018,"Unknown, Invalid",4,,
Tulare,2019,Female,26214,,
Tulare,2019,Male,18797,,
Tulare,2019,"Unknown, Invalid",4,,
Tulare,2020,Female,23817,,
Tulare,2020,Male,17081,,
Tulare,2021,Female,24939,,
Tulare,2021,Male,19031,,
Tulare,2021,"Unknown, Invalid",1,,
Tulare,2022,Female,25252,,
Tulare,2022,Male,18743,,
Tulare,2022,"Unknown, Invalid",5,,
Tulare,2023,Female,23847,,
Tulare,2023,Male,18758,,
Tulare,2023,"Unknown, Invalid",6,,
Tuolumne,2012,Female,3496,,
Tuolumne,2012,Male,2917,,
Tuolumne,2013,Female,3554,,
Tuolumne,2013,Male,2878,,
Tuolumne,2014,Female,3492,,
Tuolumne,2014,Male,2801,,
Tuolumne,2015,Female,3530,,
Tuolumne,2015,Male,2916,,
Tuolumne,2016,Female,3422,,
Tuolumne,2016,Male,2804,,
Tuolumne,2016,"Other, Unknown, Invalid",1,,
Tuolumne,2017,Female,3368,,
Tuolumne,2017,Male,2805,,
Tuolumne,2018,Female,3101,,
Tuolumne,2018,Male,2679,,
Tuolumne,2019,Female,3215,,
Tuolumne,2019,Male,2739,,
Tuolumne,2019,"Unknown, Invalid",1,,
Tuolumne,2020,Female,2939,,
Tuolumne,2020,Male,2594,,
Tuolumne,2020,"Unknown, Invalid",1,,
Tuolumne,2021,Female,2856,,
Tuolumne,2021,Male,2803,,
Tuolumne,2022,Female,2963,,
Tuolumne,2022,Male,2749,,
Tuolumne,2023,Female,2944,,
Tuolumne,2023,Male,2759,,
Tuolumne,2023,"Unknown, Invalid",3,,
Unknown,2019,Female,513,,
Unknown,2019,Male,629,,
Unknown,2019,"Unknown, Invalid",1,,
Unknown,2020,Female,404,,
Unknown,2020,Male,561,,
Unknown,2020,"Unknown, Invalid",1,,
Unknown,2021,Female,523,,
Unknown,2021,Male,786,,
Unknown,2022,Female,724,,
Unknown,2022,Male,1030,,
Unknown,2022,"Unknown, Invalid",2,,
Unknown,2023,Female,2768,,
Unknown,2023,Male,3410,,
Unknown,2023,"Unknown, Invalid",4,,
Ventura,2012,Female,47404,,
Ventura,2012,Male,33799,,
Ventura,2012,"Other, Unknown, Invalid",5,,
Ventura,2013,Female,46195,,
Ventura,2013,Male,32464,,
Ventura,2013,"Other, Unknown, Invalid",2,,
Ventura,2014,Female,45286,,
Ventura,2014,Male,32423,,
Ventura,2014,"Other, Unknown, Invalid",2,,
Ventura,2015,Female,46121,,
Ventura,2015,Male,34379,,
Ventura,2015,"Other, Unknown, Invalid",33,,
Ventura,2016,Female,45338,,
Ventura,2016,Male,34140,,
Ventura,2016,"Other, Unknown, Invalid",24,,
Ventura,2017,Female,45314,,
Ventura,2017,Male,34411,,
Ventura,2017,"Unknown, Invalid",18,,
Ventura,2018,Female,44356,,
Ventura,2018,Male,33689,,
Ventura,2018,"Unknown, Invalid",22,,
Ventura,2019,Female,44929,,
Ventura,2019,Male,34867,,
Ventura,2019,"Unknown, Invalid",14,,
Ventura,2020,Female,40160,,
Ventura,2020,Male,31528,,
Ventura,2020,"Unknown, Invalid",7,,
Ventura,2021,Female,41453,,
Ventura,2021,Male,33330,,
Ventura,2021,"Unknown, Invalid",17,,
Ventura,2022,Female,42448,,
Ventura,2022,Male,33568,,
Ventura,2022,"Unknown, Invalid",14,,
Ventura,2023,Female,41910,,
Ventura,2023,Male,34633,,
Ventura,2023,"Unknown, Invalid",13,,
Yolo,2012,Female,9380,,
Yolo,2012,Male,6604,,
Yolo,2012,"Other, Unknown, Invalid",1,,
Yolo,2013,Female,9213,,
Yolo,2013,Male,6484,,
Yolo,2014,Female,9041,,
Yolo,2014,Male,6543,,
Yolo,2015,Female,9405,,
Yolo,2015,Male,6860,,
Yolo,2015,"Other, Unknown, Invalid",2,,
Yolo,2016,Female,9894,,
Yolo,2016,Male,6832,,
Yolo,2016,"Other, Unknown, Invalid",3,,
Yolo,2017,Female,9623,,
Yolo,2017,Male,7006,,
Yolo,2017,"Unknown, Invalid",1,,
Yolo,2018,Female,9075,,
Yolo,2018,Male,6874,,
Yolo,2018,"Unknown, Invalid",1,,
Yolo,2019,Female,9146,,
Yolo,2019,Male,6727,,
Yolo,2019,"Unknown, Invalid",1,,
Yolo,2020,Female,7976,,
Yolo,2020,Male,6342,,
Yolo,2021,Female,8416,,
Yolo,2021,Male,6433,,
Yolo,2022,Female,8684,,
Yolo,2022,Male,6563,,
Yolo,2023,Female,9197,,
Yolo,2023,Male,7174,,
Yuba,2012,Female,5356,,
Yuba,2012,Male,3631,,
Yuba,2013,Female,5299,,
Yuba,2013,Male,3489,,
Yuba,2014,Female,4959,,
Yuba,2014,Male,3512,,
Yuba,2015,Female,4868,,
Yuba,2015,Male,3624,,
Yuba,2016,Female,5190,,
Yuba,2016,Male,3781,,
Yuba,2017,Female,5284,,
Yuba,2017,Male,3891,,
Yuba,2018,Female,5385,,
Yuba,2018,Male,3920,,
Yuba,2019,Female,5442,,
Yuba,2019,Male,3926,,
Yuba,2020,Female,4920,,
Yuba,2020,Male,3701,,
Yuba,2020,"Unknown, Invalid",1,,
Yuba,2021,Female,5253,,
Yuba,2021,Male,4032,,
Yuba,2022,Female,5019,,
Yuba,2022,Male,3782,,
Yuba,2022,"Unknown, Invalid",1,,
Yuba,2023,Female,5153,,
Yuba,2023,Male,3851,,
Yuba,2023,"Unknown, Invalid",3,,
